{"loss": 1.5814769268035889, "_timestamp": 1711847081.470617, "_runtime": 150.0649061203003, "_step": 4, "_wandb": {"runtime": 173}}